,imageName,labelName,classNum
2,C:\dataset\drone\train\images\0508_V0024_036.jpg,C:\dataset\drone\train\labels\0508_V0024_036.txt,3
8,C:\dataset\drone\train\images\0508_V0024_055.jpg,C:\dataset\drone\train\labels\0508_V0024_055.txt,3
9,C:\dataset\drone\train\images\0508_V0024_055.jpg,C:\dataset\drone\train\labels\0508_V0024_055.txt,3
16,C:\dataset\drone\train\images\0509_V0028_065.jpg,C:\dataset\drone\train\labels\0509_V0028_065.txt,3
21,C:\dataset\drone\train\images\0509_V0028_103.jpg,C:\dataset\drone\train\labels\0509_V0028_103.txt,3
22,C:\dataset\drone\train\images\0509_V0028_103.jpg,C:\dataset\drone\train\labels\0509_V0028_103.txt,3
31,C:\dataset\drone\train\images\0509_V0028_104.jpg,C:\dataset\drone\train\labels\0509_V0028_104.txt,3
39,C:\dataset\drone\train\images\0509_V0028_104.jpg,C:\dataset\drone\train\labels\0509_V0028_104.txt,3
48,C:\dataset\drone\train\images\0509_V0028_106.jpg,C:\dataset\drone\train\labels\0509_V0028_106.txt,3
49,C:\dataset\drone\train\images\0509_V0028_106.jpg,C:\dataset\drone\train\labels\0509_V0028_106.txt,3
51,C:\dataset\drone\train\images\0509_V0028_125.jpg,C:\dataset\drone\train\labels\0509_V0028_125.txt,3
52,C:\dataset\drone\train\images\0509_V0028_125.jpg,C:\dataset\drone\train\labels\0509_V0028_125.txt,3
63,C:\dataset\drone\train\images\0509_V0028_127.jpg,C:\dataset\drone\train\labels\0509_V0028_127.txt,3
64,C:\dataset\drone\train\images\0509_V0028_127.jpg,C:\dataset\drone\train\labels\0509_V0028_127.txt,3
70,C:\dataset\drone\train\images\0509_V0028_141.jpg,C:\dataset\drone\train\labels\0509_V0028_141.txt,3
71,C:\dataset\drone\train\images\0509_V0028_141.jpg,C:\dataset\drone\train\labels\0509_V0028_141.txt,3
81,C:\dataset\drone\train\images\0509_V0028_158.jpg,C:\dataset\drone\train\labels\0509_V0028_158.txt,3
95,C:\dataset\drone\train\images\0509_V0028_161.jpg,C:\dataset\drone\train\labels\0509_V0028_161.txt,3
103,C:\dataset\drone\train\images\0509_V0028_163.jpg,C:\dataset\drone\train\labels\0509_V0028_163.txt,3
107,C:\dataset\drone\train\images\0509_V0028_168.jpg,C:\dataset\drone\train\labels\0509_V0028_168.txt,3
119,C:\dataset\drone\train\images\0509_V0028_169.jpg,C:\dataset\drone\train\labels\0509_V0028_169.txt,3
125,C:\dataset\drone\train\images\0509_V0028_198.jpg,C:\dataset\drone\train\labels\0509_V0028_198.txt,3
130,C:\dataset\drone\train\images\0509_V0028_202.jpg,C:\dataset\drone\train\labels\0509_V0028_202.txt,3
141,C:\dataset\drone\train\images\0509_V0028_212.jpg,C:\dataset\drone\train\labels\0509_V0028_212.txt,3
145,C:\dataset\drone\train\images\0509_V0028_215.jpg,C:\dataset\drone\train\labels\0509_V0028_215.txt,3
151,C:\dataset\drone\train\images\0509_V0028_223.jpg,C:\dataset\drone\train\labels\0509_V0028_223.txt,3
157,C:\dataset\drone\train\images\0509_V0028_234.jpg,C:\dataset\drone\train\labels\0509_V0028_234.txt,3
191,C:\dataset\drone\train\images\1572547_00001.jpg,C:\dataset\drone\train\labels\1572547_00001.txt,3
197,C:\dataset\drone\train\images\1572547_00002.jpg,C:\dataset\drone\train\labels\1572547_00002.txt,3
205,C:\dataset\drone\train\images\1572547_00003.jpg,C:\dataset\drone\train\labels\1572547_00003.txt,3
211,C:\dataset\drone\train\images\1572547_00004.jpg,C:\dataset\drone\train\labels\1572547_00004.txt,3
214,C:\dataset\drone\train\images\1572547_00007.jpg,C:\dataset\drone\train\labels\1572547_00007.txt,3
221,C:\dataset\drone\train\images\1572547_00008.jpg,C:\dataset\drone\train\labels\1572547_00008.txt,3
223,C:\dataset\drone\train\images\1572547_00009.jpg,C:\dataset\drone\train\labels\1572547_00009.txt,3
225,C:\dataset\drone\train\images\1572547_00010.jpg,C:\dataset\drone\train\labels\1572547_00010.txt,3
252,C:\dataset\drone\train\images\3219077984_00004.jpg,C:\dataset\drone\train\labels\3219077984_00004.txt,3
260,C:\dataset\drone\train\images\3219077984_00005.jpg,C:\dataset\drone\train\labels\3219077984_00005.txt,3
317,C:\dataset\drone\train\images\4706533_00004.jpg,C:\dataset\drone\train\labels\4706533_00004.txt,3
327,C:\dataset\drone\train\images\6-FLY-AI05-SUN-5M-15-LAND-Goseong-0117-10-41-02-L-N_0002306.jpg,C:\dataset\drone\train\labels\6-FLY-AI05-SUN-5M-15-LAND-Goseong-0117-10-41-02-L-N_0002306.txt,3
330,C:\dataset\drone\train\images\6-FLY-AI05-SUN-5M-15-LAND-Goseong-0117-10-41-02-L-N_0002321.jpg,C:\dataset\drone\train\labels\6-FLY-AI05-SUN-5M-15-LAND-Goseong-0117-10-41-02-L-N_0002321.txt,3
332,C:\dataset\drone\train\images\6-FLY-AI05-SUN-5M-15-LAND-Goseong-0117-10-41-02-L-N_0002336.jpg,C:\dataset\drone\train\labels\6-FLY-AI05-SUN-5M-15-LAND-Goseong-0117-10-41-02-L-N_0002336.txt,3
335,C:\dataset\drone\train\images\6-FLY-AI05-SUN-5M-15-LAND-Goseong-0117-10-41-02-L-N_0002366.jpg,C:\dataset\drone\train\labels\6-FLY-AI05-SUN-5M-15-LAND-Goseong-0117-10-41-02-L-N_0002366.txt,3
337,C:\dataset\drone\train\images\6-FLY-AI05-SUN-5M-15-LAND-Goseong-0117-10-41-02-L-N_0002381.jpg,C:\dataset\drone\train\labels\6-FLY-AI05-SUN-5M-15-LAND-Goseong-0117-10-41-02-L-N_0002381.txt,3
339,C:\dataset\drone\train\images\6-FLY-AI05-SUN-5M-15-LAND-Goseong-0117-10-41-02-L-N_0002396.jpg,C:\dataset\drone\train\labels\6-FLY-AI05-SUN-5M-15-LAND-Goseong-0117-10-41-02-L-N_0002396.txt,3
341,C:\dataset\drone\train\images\6-FLY-AI05-SUN-5M-15-LAND-Goseong-0117-10-41-02-L-N_0002411.jpg,C:\dataset\drone\train\labels\6-FLY-AI05-SUN-5M-15-LAND-Goseong-0117-10-41-02-L-N_0002411.txt,3
368,C:\dataset\drone\train\images\6-FLY-AI05-SUN-5M-15-LAND-Gyeongju-0119-09-16-18-L-N-S15_0003190.jpg,C:\dataset\drone\train\labels\6-FLY-AI05-SUN-5M-15-LAND-Gyeongju-0119-09-16-18-L-N-S15_0003190.txt,3
371,C:\dataset\drone\train\images\6-FLY-AI05-SUN-5M-15-LAND-Gyeongju-0119-09-16-18-L-N-S15_0003205.jpg,C:\dataset\drone\train\labels\6-FLY-AI05-SUN-5M-15-LAND-Gyeongju-0119-09-16-18-L-N-S15_0003205.txt,3
372,C:\dataset\drone\train\images\6-FLY-AI05-SUN-5M-15-LAND-Gyeongju-0119-09-20-52-L-N_0002149.jpg,C:\dataset\drone\train\labels\6-FLY-AI05-SUN-5M-15-LAND-Gyeongju-0119-09-20-52-L-N_0002149.txt,3
375,C:\dataset\drone\train\images\6-FLY-AI05-SUN-5M-15-LAND-Gyeongju-0119-13-42-51-L-N-S18_0001737.jpg,C:\dataset\drone\train\labels\6-FLY-AI05-SUN-5M-15-LAND-Gyeongju-0119-13-42-51-L-N-S18_0001737.txt,3
380,C:\dataset\drone\train\images\6-FLY-AI05-SUN-5M-15-LAND-Gyeongju-0119-13-47-25-L-Y_0002697.jpg,C:\dataset\drone\train\labels\6-FLY-AI05-SUN-5M-15-LAND-Gyeongju-0119-13-47-25-L-Y_0002697.txt,3
381,C:\dataset\drone\train\images\6-FLY-AI05-SUN-5M-15-LAND-Gyeongju-0119-13-47-25-L-Y_0002727.jpg,C:\dataset\drone\train\labels\6-FLY-AI05-SUN-5M-15-LAND-Gyeongju-0119-13-47-25-L-Y_0002727.txt,3
387,C:\dataset\drone\train\images\6-FLY-AI05-SUN-5M-15-LAND-Gyeongju-0119-13-47-25-L-Y_0002757.jpg,C:\dataset\drone\train\labels\6-FLY-AI05-SUN-5M-15-LAND-Gyeongju-0119-13-47-25-L-Y_0002757.txt,3
392,C:\dataset\drone\train\images\6-FLY-AI05-SUN-5M-15-LAND-Gyeongju-0119-13-47-25-L-Y_0002772.jpg,C:\dataset\drone\train\labels\6-FLY-AI05-SUN-5M-15-LAND-Gyeongju-0119-13-47-25-L-Y_0002772.txt,3
398,C:\dataset\drone\train\images\6-FLY-AI05-SUN-5M-15-LAND-Gyeongju-0119-13-47-25-L-Y_0002787.jpg,C:\dataset\drone\train\labels\6-FLY-AI05-SUN-5M-15-LAND-Gyeongju-0119-13-47-25-L-Y_0002787.txt,3
402,C:\dataset\drone\train\images\6-FLY-AI05-SUN-5M-15-LAND-Gyeongju-0119-14-01-07-L-N_0002128.jpg,C:\dataset\drone\train\labels\6-FLY-AI05-SUN-5M-15-LAND-Gyeongju-0119-14-01-07-L-N_0002128.txt,3
404,C:\dataset\drone\train\images\6-FLY-AI05-SUN-5M-15-LAND-Gyeongju-0119-14-01-07-L-N_0002233.jpg,C:\dataset\drone\train\labels\6-FLY-AI05-SUN-5M-15-LAND-Gyeongju-0119-14-01-07-L-N_0002233.txt,3
406,C:\dataset\drone\train\images\6-FLY-AI05-SUN-5M-15-LAND-Gyeongju-0119-14-38-08-L-Y_0000029.jpg,C:\dataset\drone\train\labels\6-FLY-AI05-SUN-5M-15-LAND-Gyeongju-0119-14-38-08-L-Y_0000029.txt,3
408,C:\dataset\drone\train\images\6-FLY-AI05-SUN-5M-15-LAND-Gyeongju-0119-14-38-08-L-Y_0000044.jpg,C:\dataset\drone\train\labels\6-FLY-AI05-SUN-5M-15-LAND-Gyeongju-0119-14-38-08-L-Y_0000044.txt,3
409,C:\dataset\drone\train\images\6-FLY-AI05-SUN-5M-15-LAND-Gyeongju-0119-15-09-03-L-N_0001351.jpg,C:\dataset\drone\train\labels\6-FLY-AI05-SUN-5M-15-LAND-Gyeongju-0119-15-09-03-L-N_0001351.txt,3
412,C:\dataset\drone\train\images\6-FLY-AI05-SUN-5M-15-LAND-Gyeongju-0119-15-09-03-L-N_0001366.jpg,C:\dataset\drone\train\labels\6-FLY-AI05-SUN-5M-15-LAND-Gyeongju-0119-15-09-03-L-N_0001366.txt,3
502,C:\dataset\drone\train\images\Ahn-20201230-Sun-90-30m-09h13m_0000360.jpg,C:\dataset\drone\train\labels\Ahn-20201230-Sun-90-30m-09h13m_0000360.txt,3
505,C:\dataset\drone\train\images\Ahn-20201230-Sun-90-30m-09h13m_0003816.jpg,C:\dataset\drone\train\labels\Ahn-20201230-Sun-90-30m-09h13m_0003816.txt,3
507,C:\dataset\drone\train\images\Ahn-20201230-Sun-90-30m-09h13m_0004128.jpg,C:\dataset\drone\train\labels\Ahn-20201230-Sun-90-30m-09h13m_0004128.txt,3
509,C:\dataset\drone\train\images\Ahn-20201230-Sun-90-30m-09h59m_0002088.jpg,C:\dataset\drone\train\labels\Ahn-20201230-Sun-90-30m-09h59m_0002088.txt,3
515,C:\dataset\drone\train\images\Ahn-20210102-Sun-90-30m-09h32m_0001704.jpg,C:\dataset\drone\train\labels\Ahn-20210102-Sun-90-30m-09h32m_0001704.txt,3
518,C:\dataset\drone\train\images\Ahn-20210102-Sun-90-30m-09h32m_0003096.jpg,C:\dataset\drone\train\labels\Ahn-20210102-Sun-90-30m-09h32m_0003096.txt,3
521,C:\dataset\drone\train\images\Ahn-20210102-Sun-90-30m-09h32m_0003312.jpg,C:\dataset\drone\train\labels\Ahn-20210102-Sun-90-30m-09h32m_0003312.txt,3
525,C:\dataset\drone\train\images\Ahn-20210102-Sun-90-30m-09h32m_0003360.jpg,C:\dataset\drone\train\labels\Ahn-20210102-Sun-90-30m-09h32m_0003360.txt,3
527,C:\dataset\drone\train\images\Ahn-20210102-Sun-90-30m-09h32m_0004560.jpg,C:\dataset\drone\train\labels\Ahn-20210102-Sun-90-30m-09h32m_0004560.txt,3
528,C:\dataset\drone\train\images\Ahn-20210102-Sun-90-30m-09h32m_0004920.jpg,C:\dataset\drone\train\labels\Ahn-20210102-Sun-90-30m-09h32m_0004920.txt,3
531,C:\dataset\drone\train\images\Ahn-20210102-Sun-90-30m-09h54m_0002040.jpg,C:\dataset\drone\train\labels\Ahn-20210102-Sun-90-30m-09h54m_0002040.txt,3
539,C:\dataset\drone\train\images\Ahn-20210102-Sun-90-30m-09h54m_0002592.jpg,C:\dataset\drone\train\labels\Ahn-20210102-Sun-90-30m-09h54m_0002592.txt,3
545,C:\dataset\drone\train\images\Ahn-20210102-Sun-90-30m-10h19m_0001128.jpg,C:\dataset\drone\train\labels\Ahn-20210102-Sun-90-30m-10h19m_0001128.txt,3
556,C:\dataset\drone\train\images\Ahn-20210102-Sun-90-30m-11h00m_0003192.jpg,C:\dataset\drone\train\labels\Ahn-20210102-Sun-90-30m-11h00m_0003192.txt,3
559,C:\dataset\drone\train\images\Ahn-20210102-Sun-90-30m-11h25m_0001080.jpg,C:\dataset\drone\train\labels\Ahn-20210102-Sun-90-30m-11h25m_0001080.txt,3
565,C:\dataset\drone\train\images\Ahn-20210102-Sun-90-30m-11h25m_0004680.jpg,C:\dataset\drone\train\labels\Ahn-20210102-Sun-90-30m-11h25m_0004680.txt,3
568,C:\dataset\drone\train\images\Ahn-20210102-Sun-90-30m-11h25m_0004968.jpg,C:\dataset\drone\train\labels\Ahn-20210102-Sun-90-30m-11h25m_0004968.txt,3
572,C:\dataset\drone\train\images\Ahn-20210102-Sun-90-40m-09h37m_0001320.jpg,C:\dataset\drone\train\labels\Ahn-20210102-Sun-90-40m-09h37m_0001320.txt,3
574,C:\dataset\drone\train\images\Ahn-20210102-Sun-90-40m-09h37m_0001320.jpg,C:\dataset\drone\train\labels\Ahn-20210102-Sun-90-40m-09h37m_0001320.txt,3
577,C:\dataset\drone\train\images\Ahn-20210102-Sun-90-40m-09h37m_0001416.jpg,C:\dataset\drone\train\labels\Ahn-20210102-Sun-90-40m-09h37m_0001416.txt,3
582,C:\dataset\drone\train\images\Ahn-20210102-Sun-90-40m-09h37m_0003816.jpg,C:\dataset\drone\train\labels\Ahn-20210102-Sun-90-40m-09h37m_0003816.txt,3
587,C:\dataset\drone\train\images\Ahn-20210102-Sun-90-40m-09h37m_0004320.jpg,C:\dataset\drone\train\labels\Ahn-20210102-Sun-90-40m-09h37m_0004320.txt,3
589,C:\dataset\drone\train\images\Ahn-20210102-Sun-90-40m-09h37m_0004320.jpg,C:\dataset\drone\train\labels\Ahn-20210102-Sun-90-40m-09h37m_0004320.txt,3
592,C:\dataset\drone\train\images\Ahn-20210102-Sun-90-40m-09h37m_0004728.jpg,C:\dataset\drone\train\labels\Ahn-20210102-Sun-90-40m-09h37m_0004728.txt,3
595,C:\dataset\drone\train\images\Ahn-20210102-Sun-90-40m-09h37m_0004896.jpg,C:\dataset\drone\train\labels\Ahn-20210102-Sun-90-40m-09h37m_0004896.txt,3
597,C:\dataset\drone\train\images\Ahn-20210102-Sun-90-40m-09h37m_0005064.jpg,C:\dataset\drone\train\labels\Ahn-20210102-Sun-90-40m-09h37m_0005064.txt,3
598,C:\dataset\drone\train\images\Ahn-20210102-Sun-90-40m-09h37m_0005064.jpg,C:\dataset\drone\train\labels\Ahn-20210102-Sun-90-40m-09h37m_0005064.txt,3
622,C:\dataset\drone\train\images\Ahn-20210110-Sun-90-30m-11h22m_0001608.jpg,C:\dataset\drone\train\labels\Ahn-20210110-Sun-90-30m-11h22m_0001608.txt,3
623,C:\dataset\drone\train\images\Ahn-20210110-Sun-90-30m-11h22m_0001608.jpg,C:\dataset\drone\train\labels\Ahn-20210110-Sun-90-30m-11h22m_0001608.txt,3
824,C:\dataset\drone\train\images\DJI_0013_00019.jpg,C:\dataset\drone\train\labels\DJI_0013_00019.txt,3
839,C:\dataset\drone\train\images\DJI_0013_00020.jpg,C:\dataset\drone\train\labels\DJI_0013_00020.txt,3
843,C:\dataset\drone\train\images\DJI_0013_00023.jpg,C:\dataset\drone\train\labels\DJI_0013_00023.txt,3
857,C:\dataset\drone\train\images\DJI_0013_00024.jpg,C:\dataset\drone\train\labels\DJI_0013_00024.txt,3
869,C:\dataset\drone\train\images\DJI_0013_00025.jpg,C:\dataset\drone\train\labels\DJI_0013_00025.txt,3
895,C:\dataset\drone\train\images\DJI_0013_00026.jpg,C:\dataset\drone\train\labels\DJI_0013_00026.txt,3
910,C:\dataset\drone\train\images\DJI_0013_00027.jpg,C:\dataset\drone\train\labels\DJI_0013_00027.txt,3
924,C:\dataset\drone\train\images\DJI_0013_00028.jpg,C:\dataset\drone\train\labels\DJI_0013_00028.txt,3
925,C:\dataset\drone\train\images\DJI_0013_00029.jpg,C:\dataset\drone\train\labels\DJI_0013_00029.txt,3
954,C:\dataset\drone\train\images\DJI_0013_00030.jpg,C:\dataset\drone\train\labels\DJI_0013_00030.txt,3
1140,C:\dataset\drone\train\images\DJI_0013_00053.jpg,C:\dataset\drone\train\labels\DJI_0013_00053.txt,3
1157,C:\dataset\drone\train\images\DJI_0013_00054.jpg,C:\dataset\drone\train\labels\DJI_0013_00054.txt,3
1177,C:\dataset\drone\train\images\DJI_0013_00055.jpg,C:\dataset\drone\train\labels\DJI_0013_00055.txt,3
1187,C:\dataset\drone\train\images\DJI_0013_00056.jpg,C:\dataset\drone\train\labels\DJI_0013_00056.txt,3
1194,C:\dataset\drone\train\images\DJI_0013_00057.jpg,C:\dataset\drone\train\labels\DJI_0013_00057.txt,3
1210,C:\dataset\drone\train\images\DJI_0013_00058.jpg,C:\dataset\drone\train\labels\DJI_0013_00058.txt,3
1222,C:\dataset\drone\train\images\DJI_0013_00059.jpg,C:\dataset\drone\train\labels\DJI_0013_00059.txt,3
1238,C:\dataset\drone\train\images\DJI_0013_00060.jpg,C:\dataset\drone\train\labels\DJI_0013_00060.txt,3
1258,C:\dataset\drone\train\images\DJI_0013_00063.jpg,C:\dataset\drone\train\labels\DJI_0013_00063.txt,3
1275,C:\dataset\drone\train\images\DJI_0013_00064.jpg,C:\dataset\drone\train\labels\DJI_0013_00064.txt,3
1281,C:\dataset\drone\train\images\DJI_0013_00065.jpg,C:\dataset\drone\train\labels\DJI_0013_00065.txt,3
1294,C:\dataset\drone\train\images\DJI_0013_00066.jpg,C:\dataset\drone\train\labels\DJI_0013_00066.txt,3
1312,C:\dataset\drone\train\images\DJI_0013_00067.jpg,C:\dataset\drone\train\labels\DJI_0013_00067.txt,3
1317,C:\dataset\drone\train\images\DJI_0014_00001.jpg,C:\dataset\drone\train\labels\DJI_0014_00001.txt,3
1321,C:\dataset\drone\train\images\DJI_0014_00002.jpg,C:\dataset\drone\train\labels\DJI_0014_00002.txt,3
1324,C:\dataset\drone\train\images\DJI_0014_00003.jpg,C:\dataset\drone\train\labels\DJI_0014_00003.txt,3
1327,C:\dataset\drone\train\images\DJI_0014_00006.jpg,C:\dataset\drone\train\labels\DJI_0014_00006.txt,3
1328,C:\dataset\drone\train\images\DJI_0014_00007.jpg,C:\dataset\drone\train\labels\DJI_0014_00007.txt,3
1331,C:\dataset\drone\train\images\DJI_0014_00007.jpg,C:\dataset\drone\train\labels\DJI_0014_00007.txt,3
1334,C:\dataset\drone\train\images\DJI_0014_00008.jpg,C:\dataset\drone\train\labels\DJI_0014_00008.txt,3
1335,C:\dataset\drone\train\images\DJI_0014_00008.jpg,C:\dataset\drone\train\labels\DJI_0014_00008.txt,3
1336,C:\dataset\drone\train\images\DJI_0014_00009.jpg,C:\dataset\drone\train\labels\DJI_0014_00009.txt,3
1339,C:\dataset\drone\train\images\DJI_0014_00009.jpg,C:\dataset\drone\train\labels\DJI_0014_00009.txt,3
1341,C:\dataset\drone\train\images\DJI_0014_00010.jpg,C:\dataset\drone\train\labels\DJI_0014_00010.txt,3
1342,C:\dataset\drone\train\images\DJI_0014_00011.jpg,C:\dataset\drone\train\labels\DJI_0014_00011.txt,3
1344,C:\dataset\drone\train\images\DJI_0014_00012.jpg,C:\dataset\drone\train\labels\DJI_0014_00012.txt,3
1347,C:\dataset\drone\train\images\DJI_0014_00013.jpg,C:\dataset\drone\train\labels\DJI_0014_00013.txt,3
1349,C:\dataset\drone\train\images\DJI_0014_00016.jpg,C:\dataset\drone\train\labels\DJI_0014_00016.txt,3
1350,C:\dataset\drone\train\images\DJI_0014_00017.jpg,C:\dataset\drone\train\labels\DJI_0014_00017.txt,3
1352,C:\dataset\drone\train\images\DJI_0014_00018.jpg,C:\dataset\drone\train\labels\DJI_0014_00018.txt,3
1355,C:\dataset\drone\train\images\DJI_0014_00019.jpg,C:\dataset\drone\train\labels\DJI_0014_00019.txt,3
1356,C:\dataset\drone\train\images\DJI_0014_00020.jpg,C:\dataset\drone\train\labels\DJI_0014_00020.txt,3
1359,C:\dataset\drone\train\images\DJI_0014_00021.jpg,C:\dataset\drone\train\labels\DJI_0014_00021.txt,3
1360,C:\dataset\drone\train\images\DJI_0014_00022.jpg,C:\dataset\drone\train\labels\DJI_0014_00022.txt,3
1363,C:\dataset\drone\train\images\DJI_0014_00023.jpg,C:\dataset\drone\train\labels\DJI_0014_00023.txt,3
1364,C:\dataset\drone\train\images\DJI_0014_00026.jpg,C:\dataset\drone\train\labels\DJI_0014_00026.txt,3
1366,C:\dataset\drone\train\images\DJI_0014_00027.jpg,C:\dataset\drone\train\labels\DJI_0014_00027.txt,3
1368,C:\dataset\drone\train\images\DJI_0015_00001.jpg,C:\dataset\drone\train\labels\DJI_0015_00001.txt,3
1369,C:\dataset\drone\train\images\DJI_0015_00001.jpg,C:\dataset\drone\train\labels\DJI_0015_00001.txt,3
1374,C:\dataset\drone\train\images\DJI_0015_00002.jpg,C:\dataset\drone\train\labels\DJI_0015_00002.txt,3
1375,C:\dataset\drone\train\images\DJI_0015_00002.jpg,C:\dataset\drone\train\labels\DJI_0015_00002.txt,3
1381,C:\dataset\drone\train\images\DJI_0015_00003.jpg,C:\dataset\drone\train\labels\DJI_0015_00003.txt,3
1384,C:\dataset\drone\train\images\DJI_0015_00003.jpg,C:\dataset\drone\train\labels\DJI_0015_00003.txt,3
1389,C:\dataset\drone\train\images\DJI_0015_00004.jpg,C:\dataset\drone\train\labels\DJI_0015_00004.txt,3
1391,C:\dataset\drone\train\images\DJI_0015_00005.jpg,C:\dataset\drone\train\labels\DJI_0015_00005.txt,3
1397,C:\dataset\drone\train\images\DJI_0015_00006.jpg,C:\dataset\drone\train\labels\DJI_0015_00006.txt,3
1400,C:\dataset\drone\train\images\DJI_0015_00009.jpg,C:\dataset\drone\train\labels\DJI_0015_00009.txt,3
1405,C:\dataset\drone\train\images\DJI_0015_00010.jpg,C:\dataset\drone\train\labels\DJI_0015_00010.txt,3
1410,C:\dataset\drone\train\images\DJI_0015_00011.jpg,C:\dataset\drone\train\labels\DJI_0015_00011.txt,3
1413,C:\dataset\drone\train\images\DJI_0015_00012.jpg,C:\dataset\drone\train\labels\DJI_0015_00012.txt,3
1418,C:\dataset\drone\train\images\DJI_0015_00013.jpg,C:\dataset\drone\train\labels\DJI_0015_00013.txt,3
1420,C:\dataset\drone\train\images\DJI_0015_00014.jpg,C:\dataset\drone\train\labels\DJI_0015_00014.txt,3
1423,C:\dataset\drone\train\images\DJI_0015_00015.jpg,C:\dataset\drone\train\labels\DJI_0015_00015.txt,3
1429,C:\dataset\drone\train\images\DJI_0015_00016.jpg,C:\dataset\drone\train\labels\DJI_0015_00016.txt,3
1431,C:\dataset\drone\train\images\DJI_0015_00019.jpg,C:\dataset\drone\train\labels\DJI_0015_00019.txt,3
1437,C:\dataset\drone\train\images\DJI_0015_00020.jpg,C:\dataset\drone\train\labels\DJI_0015_00020.txt,3
1439,C:\dataset\drone\train\images\DJI_0015_00021.jpg,C:\dataset\drone\train\labels\DJI_0015_00021.txt,3
1445,C:\dataset\drone\train\images\DJI_0015_00022.jpg,C:\dataset\drone\train\labels\DJI_0015_00022.txt,3
1448,C:\dataset\drone\train\images\DJI_0015_00023.jpg,C:\dataset\drone\train\labels\DJI_0015_00023.txt,3
1453,C:\dataset\drone\train\images\DJI_0015_00024.jpg,C:\dataset\drone\train\labels\DJI_0015_00024.txt,3
1459,C:\dataset\drone\train\images\DJI_0016_00001.jpg,C:\dataset\drone\train\labels\DJI_0016_00001.txt,3
1462,C:\dataset\drone\train\images\DJI_0016_00002.jpg,C:\dataset\drone\train\labels\DJI_0016_00002.txt,3
1467,C:\dataset\drone\train\images\DJI_0016_00005.jpg,C:\dataset\drone\train\labels\DJI_0016_00005.txt,3
1472,C:\dataset\drone\train\images\DJI_0016_00006.jpg,C:\dataset\drone\train\labels\DJI_0016_00006.txt,3
1474,C:\dataset\drone\train\images\DJI_0016_00007.jpg,C:\dataset\drone\train\labels\DJI_0016_00007.txt,3
1478,C:\dataset\drone\train\images\DJI_0016_00007.jpg,C:\dataset\drone\train\labels\DJI_0016_00007.txt,3
1479,C:\dataset\drone\train\images\DJI_0016_00008.jpg,C:\dataset\drone\train\labels\DJI_0016_00008.txt,3
1482,C:\dataset\drone\train\images\DJI_0016_00008.jpg,C:\dataset\drone\train\labels\DJI_0016_00008.txt,3
1485,C:\dataset\drone\train\images\DJI_0016_00009.jpg,C:\dataset\drone\train\labels\DJI_0016_00009.txt,3
1493,C:\dataset\drone\train\images\DJI_0016_00010.jpg,C:\dataset\drone\train\labels\DJI_0016_00010.txt,3
1587,C:\dataset\drone\train\images\DJI_0018_00001.jpg,C:\dataset\drone\train\labels\DJI_0018_00001.txt,3
1590,C:\dataset\drone\train\images\DJI_0018_00002.jpg,C:\dataset\drone\train\labels\DJI_0018_00002.txt,3
1595,C:\dataset\drone\train\images\DJI_0018_00003.jpg,C:\dataset\drone\train\labels\DJI_0018_00003.txt,3
1598,C:\dataset\drone\train\images\DJI_0018_00004.jpg,C:\dataset\drone\train\labels\DJI_0018_00004.txt,3
1600,C:\dataset\drone\train\images\DJI_0018_00005.jpg,C:\dataset\drone\train\labels\DJI_0018_00005.txt,3
1604,C:\dataset\drone\train\images\DJI_0018_00006.jpg,C:\dataset\drone\train\labels\DJI_0018_00006.txt,3
1605,C:\dataset\drone\train\images\DJI_0018_00006.jpg,C:\dataset\drone\train\labels\DJI_0018_00006.txt,3
1607,C:\dataset\drone\train\images\DJI_0018_00007.jpg,C:\dataset\drone\train\labels\DJI_0018_00007.txt,3
1610,C:\dataset\drone\train\images\DJI_0018_00007.jpg,C:\dataset\drone\train\labels\DJI_0018_00007.txt,3
1614,C:\dataset\drone\train\images\DJI_0018_00010.jpg,C:\dataset\drone\train\labels\DJI_0018_00010.txt,3
1615,C:\dataset\drone\train\images\DJI_0018_00010.jpg,C:\dataset\drone\train\labels\DJI_0018_00010.txt,3
1622,C:\dataset\drone\train\images\DJI_0018_00011.jpg,C:\dataset\drone\train\labels\DJI_0018_00011.txt,3
1623,C:\dataset\drone\train\images\DJI_0018_00011.jpg,C:\dataset\drone\train\labels\DJI_0018_00011.txt,3
1633,C:\dataset\drone\train\images\DJI_0018_00012.jpg,C:\dataset\drone\train\labels\DJI_0018_00012.txt,3
1634,C:\dataset\drone\train\images\DJI_0018_00012.jpg,C:\dataset\drone\train\labels\DJI_0018_00012.txt,3
1642,C:\dataset\drone\train\images\DJI_0018_00013.jpg,C:\dataset\drone\train\labels\DJI_0018_00013.txt,3
1643,C:\dataset\drone\train\images\DJI_0018_00013.jpg,C:\dataset\drone\train\labels\DJI_0018_00013.txt,3
1646,C:\dataset\drone\train\images\DJI_0018_00014.jpg,C:\dataset\drone\train\labels\DJI_0018_00014.txt,3
1649,C:\dataset\drone\train\images\DJI_0018_00015.jpg,C:\dataset\drone\train\labels\DJI_0018_00015.txt,3
1654,C:\dataset\drone\train\images\DJI_0018_00016.jpg,C:\dataset\drone\train\labels\DJI_0018_00016.txt,3
1657,C:\dataset\drone\train\images\DJI_0018_00017.jpg,C:\dataset\drone\train\labels\DJI_0018_00017.txt,3
1688,C:\dataset\drone\train\images\DJI_0019_00007.jpg,C:\dataset\drone\train\labels\DJI_0019_00007.txt,3
1694,C:\dataset\drone\train\images\DJI_0019_00010.jpg,C:\dataset\drone\train\labels\DJI_0019_00010.txt,3
1698,C:\dataset\drone\train\images\DJI_0019_00011.jpg,C:\dataset\drone\train\labels\DJI_0019_00011.txt,3
1705,C:\dataset\drone\train\images\DJI_0019_00012.jpg,C:\dataset\drone\train\labels\DJI_0019_00012.txt,3
1708,C:\dataset\drone\train\images\DJI_0019_00013.jpg,C:\dataset\drone\train\labels\DJI_0019_00013.txt,3
1716,C:\dataset\drone\train\images\DJI_0019_00014.jpg,C:\dataset\drone\train\labels\DJI_0019_00014.txt,3
1721,C:\dataset\drone\train\images\DJI_0019_00015.jpg,C:\dataset\drone\train\labels\DJI_0019_00015.txt,3
1727,C:\dataset\drone\train\images\DJI_0019_00016.jpg,C:\dataset\drone\train\labels\DJI_0019_00016.txt,3
1731,C:\dataset\drone\train\images\DJI_0019_00017.jpg,C:\dataset\drone\train\labels\DJI_0019_00017.txt,3
1735,C:\dataset\drone\train\images\DJI_0019_00020.jpg,C:\dataset\drone\train\labels\DJI_0019_00020.txt,3
1740,C:\dataset\drone\train\images\DJI_0019_00021.jpg,C:\dataset\drone\train\labels\DJI_0019_00021.txt,3
1743,C:\dataset\drone\train\images\DJI_0019_00022.jpg,C:\dataset\drone\train\labels\DJI_0019_00022.txt,3
1752,C:\dataset\drone\train\images\DJI_0019_00023.jpg,C:\dataset\drone\train\labels\DJI_0019_00023.txt,3
1759,C:\dataset\drone\train\images\DJI_0019_00024.jpg,C:\dataset\drone\train\labels\DJI_0019_00024.txt,3
1766,C:\dataset\drone\train\images\DJI_0019_00025.jpg,C:\dataset\drone\train\labels\DJI_0019_00025.txt,3
1775,C:\dataset\drone\train\images\DJI_0019_00026.jpg,C:\dataset\drone\train\labels\DJI_0019_00026.txt,3
1781,C:\dataset\drone\train\images\DJI_0019_00027.jpg,C:\dataset\drone\train\labels\DJI_0019_00027.txt,3
1794,C:\dataset\drone\train\images\DJI_0019_00032.jpg,C:\dataset\drone\train\labels\DJI_0019_00032.txt,3
1835,C:\dataset\drone\train\images\DJI_0021_00001.jpg,C:\dataset\drone\train\labels\DJI_0021_00001.txt,3
1854,C:\dataset\drone\train\images\DJI_0021_00002.jpg,C:\dataset\drone\train\labels\DJI_0021_00002.txt,3
1862,C:\dataset\drone\train\images\DJI_0021_00003.jpg,C:\dataset\drone\train\labels\DJI_0021_00003.txt,3
1878,C:\dataset\drone\train\images\DJI_0021_00004.jpg,C:\dataset\drone\train\labels\DJI_0021_00004.txt,3
1888,C:\dataset\drone\train\images\DJI_0021_00005.jpg,C:\dataset\drone\train\labels\DJI_0021_00005.txt,3
1898,C:\dataset\drone\train\images\DJI_0022_00003.jpg,C:\dataset\drone\train\labels\DJI_0022_00003.txt,3
1904,C:\dataset\drone\train\images\DJI_0022_00004.jpg,C:\dataset\drone\train\labels\DJI_0022_00004.txt,3
1908,C:\dataset\drone\train\images\DJI_0022_00005.jpg,C:\dataset\drone\train\labels\DJI_0022_00005.txt,3
1920,C:\dataset\drone\train\images\DJI_0022_00006.jpg,C:\dataset\drone\train\labels\DJI_0022_00006.txt,3
1922,C:\dataset\drone\train\images\DJI_0022_00007.jpg,C:\dataset\drone\train\labels\DJI_0022_00007.txt,3
1929,C:\dataset\drone\train\images\DJI_0022_00008.jpg,C:\dataset\drone\train\labels\DJI_0022_00008.txt,3
1935,C:\dataset\drone\train\images\DJI_0022_00009.jpg,C:\dataset\drone\train\labels\DJI_0022_00009.txt,3
1941,C:\dataset\drone\train\images\DJI_0022_00010.jpg,C:\dataset\drone\train\labels\DJI_0022_00010.txt,3
1948,C:\dataset\drone\train\images\DJI_0022_00013.jpg,C:\dataset\drone\train\labels\DJI_0022_00013.txt,3
1954,C:\dataset\drone\train\images\DJI_0022_00014.jpg,C:\dataset\drone\train\labels\DJI_0022_00014.txt,3
1957,C:\dataset\drone\train\images\DJI_0022_00015.jpg,C:\dataset\drone\train\labels\DJI_0022_00015.txt,3
1958,C:\dataset\drone\train\images\DJI_0022_00016.jpg,C:\dataset\drone\train\labels\DJI_0022_00016.txt,3
1960,C:\dataset\drone\train\images\DJI_0022_00017.jpg,C:\dataset\drone\train\labels\DJI_0022_00017.txt,3
1963,C:\dataset\drone\train\images\DJI_0022_00018.jpg,C:\dataset\drone\train\labels\DJI_0022_00018.txt,3
1964,C:\dataset\drone\train\images\DJI_0022_00019.jpg,C:\dataset\drone\train\labels\DJI_0022_00019.txt,3
1967,C:\dataset\drone\train\images\DJI_0022_00020.jpg,C:\dataset\drone\train\labels\DJI_0022_00020.txt,3
1972,C:\dataset\drone\train\images\DJI_0022_00023.jpg,C:\dataset\drone\train\labels\DJI_0022_00023.txt,3
1975,C:\dataset\drone\train\images\DJI_0022_00024.jpg,C:\dataset\drone\train\labels\DJI_0022_00024.txt,3
1977,C:\dataset\drone\train\images\DJI_0022_00025.jpg,C:\dataset\drone\train\labels\DJI_0022_00025.txt,3
1983,C:\dataset\drone\train\images\DJI_0022_00026.jpg,C:\dataset\drone\train\labels\DJI_0022_00026.txt,3
1986,C:\dataset\drone\train\images\DJI_0022_00027.jpg,C:\dataset\drone\train\labels\DJI_0022_00027.txt,3
1989,C:\dataset\drone\train\images\DJI_0022_00028.jpg,C:\dataset\drone\train\labels\DJI_0022_00028.txt,3
1991,C:\dataset\drone\train\images\DJI_0022_00029.jpg,C:\dataset\drone\train\labels\DJI_0022_00029.txt,3
1994,C:\dataset\drone\train\images\DJI_0022_00030.jpg,C:\dataset\drone\train\labels\DJI_0022_00030.txt,3
2045,C:\dataset\drone\train\images\DJI_0026_00001.jpg,C:\dataset\drone\train\labels\DJI_0026_00001.txt,3
2057,C:\dataset\drone\train\images\DJI_0026_00002.jpg,C:\dataset\drone\train\labels\DJI_0026_00002.txt,3
2067,C:\dataset\drone\train\images\DJI_0026_00003.jpg,C:\dataset\drone\train\labels\DJI_0026_00003.txt,3
2071,C:\dataset\drone\train\images\DJI_0026_00004.jpg,C:\dataset\drone\train\labels\DJI_0026_00004.txt,3
2083,C:\dataset\drone\train\images\DJI_0026_00005.jpg,C:\dataset\drone\train\labels\DJI_0026_00005.txt,3
2086,C:\dataset\drone\train\images\DJI_0026_00006.jpg,C:\dataset\drone\train\labels\DJI_0026_00006.txt,3
2095,C:\dataset\drone\train\images\DJI_0026_00007.jpg,C:\dataset\drone\train\labels\DJI_0026_00007.txt,3
2101,C:\dataset\drone\train\images\DJI_0026_00008.jpg,C:\dataset\drone\train\labels\DJI_0026_00008.txt,3
2109,C:\dataset\drone\train\images\DJI_0026_00011.jpg,C:\dataset\drone\train\labels\DJI_0026_00011.txt,3
2114,C:\dataset\drone\train\images\DJI_0026_00012.jpg,C:\dataset\drone\train\labels\DJI_0026_00012.txt,3
2117,C:\dataset\drone\train\images\DJI_0026_00013.jpg,C:\dataset\drone\train\labels\DJI_0026_00013.txt,3
2127,C:\dataset\drone\train\images\DJI_0026_00014.jpg,C:\dataset\drone\train\labels\DJI_0026_00014.txt,3
2137,C:\dataset\drone\train\images\DJI_0026_00015.jpg,C:\dataset\drone\train\labels\DJI_0026_00015.txt,3
2141,C:\dataset\drone\train\images\DJI_0026_00016.jpg,C:\dataset\drone\train\labels\DJI_0026_00016.txt,3
2144,C:\dataset\drone\train\images\DJI_0026_00017.jpg,C:\dataset\drone\train\labels\DJI_0026_00017.txt,3
2153,C:\dataset\drone\train\images\DJI_0026_00018.jpg,C:\dataset\drone\train\labels\DJI_0026_00018.txt,3
2156,C:\dataset\drone\train\images\DJI_0026_00021.jpg,C:\dataset\drone\train\labels\DJI_0026_00021.txt,3
2164,C:\dataset\drone\train\images\DJI_0026_00022.jpg,C:\dataset\drone\train\labels\DJI_0026_00022.txt,3
2176,C:\dataset\drone\train\images\DJI_0026_00023.jpg,C:\dataset\drone\train\labels\DJI_0026_00023.txt,3
2183,C:\dataset\drone\train\images\DJI_0026_00024.jpg,C:\dataset\drone\train\labels\DJI_0026_00024.txt,3
2186,C:\dataset\drone\train\images\DJI_0026_00025.jpg,C:\dataset\drone\train\labels\DJI_0026_00025.txt,3
2200,C:\dataset\drone\train\images\DJI_0026_00026.jpg,C:\dataset\drone\train\labels\DJI_0026_00026.txt,3
2205,C:\dataset\drone\train\images\DJI_0026_00027.jpg,C:\dataset\drone\train\labels\DJI_0026_00027.txt,3
2209,C:\dataset\drone\train\images\DJI_0026_00028.jpg,C:\dataset\drone\train\labels\DJI_0026_00028.txt,3
2214,C:\dataset\drone\train\images\DJI_0026_00032.jpg,C:\dataset\drone\train\labels\DJI_0026_00032.txt,3
2222,C:\dataset\drone\train\images\DJI_0026_00033.jpg,C:\dataset\drone\train\labels\DJI_0026_00033.txt,3
2231,C:\dataset\drone\train\images\DJI_0026_00034.jpg,C:\dataset\drone\train\labels\DJI_0026_00034.txt,3
2239,C:\dataset\drone\train\images\DJI_0026_00035.jpg,C:\dataset\drone\train\labels\DJI_0026_00035.txt,3
2240,C:\dataset\drone\train\images\DJI_0026_00036.jpg,C:\dataset\drone\train\labels\DJI_0026_00036.txt,3
2250,C:\dataset\drone\train\images\DJI_0026_00037.jpg,C:\dataset\drone\train\labels\DJI_0026_00037.txt,3
2261,C:\dataset\drone\train\images\DJI_0026_00042.jpg,C:\dataset\drone\train\labels\DJI_0026_00042.txt,3
2262,C:\dataset\drone\train\images\DJI_0026_00042.jpg,C:\dataset\drone\train\labels\DJI_0026_00042.txt,3
2263,C:\dataset\drone\train\images\DJI_0026_00042.jpg,C:\dataset\drone\train\labels\DJI_0026_00042.txt,3
2267,C:\dataset\drone\train\images\DJI_0026_00043.jpg,C:\dataset\drone\train\labels\DJI_0026_00043.txt,3
2268,C:\dataset\drone\train\images\DJI_0026_00043.jpg,C:\dataset\drone\train\labels\DJI_0026_00043.txt,3
2274,C:\dataset\drone\train\images\DJI_0026_00044.jpg,C:\dataset\drone\train\labels\DJI_0026_00044.txt,3
2275,C:\dataset\drone\train\images\DJI_0026_00044.jpg,C:\dataset\drone\train\labels\DJI_0026_00044.txt,3
2276,C:\dataset\drone\train\images\DJI_0026_00044.jpg,C:\dataset\drone\train\labels\DJI_0026_00044.txt,3
2277,C:\dataset\drone\train\images\DJI_0026_00044.jpg,C:\dataset\drone\train\labels\DJI_0026_00044.txt,3
2278,C:\dataset\drone\train\images\DJI_0026_00044.jpg,C:\dataset\drone\train\labels\DJI_0026_00044.txt,3
2279,C:\dataset\drone\train\images\DJI_0026_00044.jpg,C:\dataset\drone\train\labels\DJI_0026_00044.txt,3
2285,C:\dataset\drone\train\images\DJI_0026_00045.jpg,C:\dataset\drone\train\labels\DJI_0026_00045.txt,3
2289,C:\dataset\drone\train\images\DJI_0026_00045.jpg,C:\dataset\drone\train\labels\DJI_0026_00045.txt,3
2290,C:\dataset\drone\train\images\DJI_0026_00045.jpg,C:\dataset\drone\train\labels\DJI_0026_00045.txt,3
2291,C:\dataset\drone\train\images\DJI_0026_00045.jpg,C:\dataset\drone\train\labels\DJI_0026_00045.txt,3
2292,C:\dataset\drone\train\images\DJI_0026_00045.jpg,C:\dataset\drone\train\labels\DJI_0026_00045.txt,3
2295,C:\dataset\drone\train\images\DJI_0026_00045.jpg,C:\dataset\drone\train\labels\DJI_0026_00045.txt,3
2298,C:\dataset\drone\train\images\DJI_0026_00046.jpg,C:\dataset\drone\train\labels\DJI_0026_00046.txt,3
2299,C:\dataset\drone\train\images\DJI_0026_00046.jpg,C:\dataset\drone\train\labels\DJI_0026_00046.txt,3
2300,C:\dataset\drone\train\images\DJI_0026_00046.jpg,C:\dataset\drone\train\labels\DJI_0026_00046.txt,3
2301,C:\dataset\drone\train\images\DJI_0026_00046.jpg,C:\dataset\drone\train\labels\DJI_0026_00046.txt,3
2302,C:\dataset\drone\train\images\DJI_0026_00046.jpg,C:\dataset\drone\train\labels\DJI_0026_00046.txt,3
2310,C:\dataset\drone\train\images\DJI_0026_00047.jpg,C:\dataset\drone\train\labels\DJI_0026_00047.txt,3
2313,C:\dataset\drone\train\images\DJI_0026_00047.jpg,C:\dataset\drone\train\labels\DJI_0026_00047.txt,3
2319,C:\dataset\drone\train\images\DJI_0026_00051.jpg,C:\dataset\drone\train\labels\DJI_0026_00051.txt,3
2322,C:\dataset\drone\train\images\DJI_0026_00052.jpg,C:\dataset\drone\train\labels\DJI_0026_00052.txt,3
2334,C:\dataset\drone\train\images\DJI_0026_00053.jpg,C:\dataset\drone\train\labels\DJI_0026_00053.txt,3
2342,C:\dataset\drone\train\images\DJI_0026_00054.jpg,C:\dataset\drone\train\labels\DJI_0026_00054.txt,3
2354,C:\dataset\drone\train\images\DJI_0026_00055.jpg,C:\dataset\drone\train\labels\DJI_0026_00055.txt,3
2364,C:\dataset\drone\train\images\DJI_0026_00056.jpg,C:\dataset\drone\train\labels\DJI_0026_00056.txt,3
2374,C:\dataset\drone\train\images\DJI_0026_00057.jpg,C:\dataset\drone\train\labels\DJI_0026_00057.txt,3
2385,C:\dataset\drone\train\images\DJI_0026_00058.jpg,C:\dataset\drone\train\labels\DJI_0026_00058.txt,3
2398,C:\dataset\drone\train\images\DJI_0026_00061.jpg,C:\dataset\drone\train\labels\DJI_0026_00061.txt,3
2405,C:\dataset\drone\train\images\DJI_0026_00062.jpg,C:\dataset\drone\train\labels\DJI_0026_00062.txt,3
2423,C:\dataset\drone\train\images\DJI_0026_00063.jpg,C:\dataset\drone\train\labels\DJI_0026_00063.txt,3
2439,C:\dataset\drone\train\images\DJI_0026_00064.jpg,C:\dataset\drone\train\labels\DJI_0026_00064.txt,3
2440,C:\dataset\drone\train\images\DJI_0027_00001.jpg,C:\dataset\drone\train\labels\DJI_0027_00001.txt,3
2447,C:\dataset\drone\train\images\DJI_0027_00002.jpg,C:\dataset\drone\train\labels\DJI_0027_00002.txt,3
2457,C:\dataset\drone\train\images\DJI_0027_00003.jpg,C:\dataset\drone\train\labels\DJI_0027_00003.txt,3
2460,C:\dataset\drone\train\images\DJI_0027_00004.jpg,C:\dataset\drone\train\labels\DJI_0027_00004.txt,3
2470,C:\dataset\drone\train\images\DJI_0027_00007.jpg,C:\dataset\drone\train\labels\DJI_0027_00007.txt,3
2478,C:\dataset\drone\train\images\DJI_0027_00008.jpg,C:\dataset\drone\train\labels\DJI_0027_00008.txt,3
2484,C:\dataset\drone\train\images\DJI_0027_00009.jpg,C:\dataset\drone\train\labels\DJI_0027_00009.txt,3
2487,C:\dataset\drone\train\images\DJI_0027_00010.jpg,C:\dataset\drone\train\labels\DJI_0027_00010.txt,3
2493,C:\dataset\drone\train\images\DJI_0027_00011.jpg,C:\dataset\drone\train\labels\DJI_0027_00011.txt,3
2502,C:\dataset\drone\train\images\DJI_0027_00012.jpg,C:\dataset\drone\train\labels\DJI_0027_00012.txt,3
2505,C:\dataset\drone\train\images\DJI_0027_00013.jpg,C:\dataset\drone\train\labels\DJI_0027_00013.txt,3
2509,C:\dataset\drone\train\images\DJI_0027_00014.jpg,C:\dataset\drone\train\labels\DJI_0027_00014.txt,3
2518,C:\dataset\drone\train\images\DJI_0027_00017.jpg,C:\dataset\drone\train\labels\DJI_0027_00017.txt,3
2525,C:\dataset\drone\train\images\DJI_0028_00001.jpg,C:\dataset\drone\train\labels\DJI_0028_00001.txt,3
2529,C:\dataset\drone\train\images\DJI_0028_00001.jpg,C:\dataset\drone\train\labels\DJI_0028_00001.txt,3
2530,C:\dataset\drone\train\images\DJI_0028_00001.jpg,C:\dataset\drone\train\labels\DJI_0028_00001.txt,3
2532,C:\dataset\drone\train\images\DJI_0028_00002.jpg,C:\dataset\drone\train\labels\DJI_0028_00002.txt,3
2534,C:\dataset\drone\train\images\DJI_0028_00002.jpg,C:\dataset\drone\train\labels\DJI_0028_00002.txt,3
2539,C:\dataset\drone\train\images\DJI_0028_00002.jpg,C:\dataset\drone\train\labels\DJI_0028_00002.txt,3
2540,C:\dataset\drone\train\images\DJI_0028_00003.jpg,C:\dataset\drone\train\labels\DJI_0028_00003.txt,3
2542,C:\dataset\drone\train\images\DJI_0028_00003.jpg,C:\dataset\drone\train\labels\DJI_0028_00003.txt,3
2543,C:\dataset\drone\train\images\DJI_0028_00003.jpg,C:\dataset\drone\train\labels\DJI_0028_00003.txt,3
2544,C:\dataset\drone\train\images\DJI_0028_00003.jpg,C:\dataset\drone\train\labels\DJI_0028_00003.txt,3
2553,C:\dataset\drone\train\images\DJI_0028_00004.jpg,C:\dataset\drone\train\labels\DJI_0028_00004.txt,3
2554,C:\dataset\drone\train\images\DJI_0028_00004.jpg,C:\dataset\drone\train\labels\DJI_0028_00004.txt,3
2557,C:\dataset\drone\train\images\DJI_0028_00004.jpg,C:\dataset\drone\train\labels\DJI_0028_00004.txt,3
2558,C:\dataset\drone\train\images\DJI_0028_00005.jpg,C:\dataset\drone\train\labels\DJI_0028_00005.txt,3
2563,C:\dataset\drone\train\images\DJI_0028_00005.jpg,C:\dataset\drone\train\labels\DJI_0028_00005.txt,3
2564,C:\dataset\drone\train\images\DJI_0028_00005.jpg,C:\dataset\drone\train\labels\DJI_0028_00005.txt,3
2568,C:\dataset\drone\train\images\DJI_0028_00006.jpg,C:\dataset\drone\train\labels\DJI_0028_00006.txt,3
2569,C:\dataset\drone\train\images\DJI_0028_00006.jpg,C:\dataset\drone\train\labels\DJI_0028_00006.txt,3
2571,C:\dataset\drone\train\images\DJI_0028_00006.jpg,C:\dataset\drone\train\labels\DJI_0028_00006.txt,3
2577,C:\dataset\drone\train\images\DJI_0028_00007.jpg,C:\dataset\drone\train\labels\DJI_0028_00007.txt,3
2579,C:\dataset\drone\train\images\DJI_0028_00007.jpg,C:\dataset\drone\train\labels\DJI_0028_00007.txt,3
2582,C:\dataset\drone\train\images\DJI_0028_00007.jpg,C:\dataset\drone\train\labels\DJI_0028_00007.txt,3
2587,C:\dataset\drone\train\images\DJI_0028_00010.jpg,C:\dataset\drone\train\labels\DJI_0028_00010.txt,3
2588,C:\dataset\drone\train\images\DJI_0028_00010.jpg,C:\dataset\drone\train\labels\DJI_0028_00010.txt,3
2595,C:\dataset\drone\train\images\DJI_0028_00011.jpg,C:\dataset\drone\train\labels\DJI_0028_00011.txt,3
2596,C:\dataset\drone\train\images\DJI_0028_00011.jpg,C:\dataset\drone\train\labels\DJI_0028_00011.txt,3
2602,C:\dataset\drone\train\images\DJI_0028_00012.jpg,C:\dataset\drone\train\labels\DJI_0028_00012.txt,3
2603,C:\dataset\drone\train\images\DJI_0028_00012.jpg,C:\dataset\drone\train\labels\DJI_0028_00012.txt,3
2614,C:\dataset\drone\train\images\DJI_0028_00013.jpg,C:\dataset\drone\train\labels\DJI_0028_00013.txt,3
2616,C:\dataset\drone\train\images\DJI_0028_00013.jpg,C:\dataset\drone\train\labels\DJI_0028_00013.txt,3
2618,C:\dataset\drone\train\images\DJI_0028_00014.jpg,C:\dataset\drone\train\labels\DJI_0028_00014.txt,3
2619,C:\dataset\drone\train\images\DJI_0028_00014.jpg,C:\dataset\drone\train\labels\DJI_0028_00014.txt,3
2620,C:\dataset\drone\train\images\DJI_0028_00014.jpg,C:\dataset\drone\train\labels\DJI_0028_00014.txt,3
2624,C:\dataset\drone\train\images\DJI_0028_00015.jpg,C:\dataset\drone\train\labels\DJI_0028_00015.txt,3
2625,C:\dataset\drone\train\images\DJI_0028_00015.jpg,C:\dataset\drone\train\labels\DJI_0028_00015.txt,3
2626,C:\dataset\drone\train\images\DJI_0028_00015.jpg,C:\dataset\drone\train\labels\DJI_0028_00015.txt,3
2634,C:\dataset\drone\train\images\DJI_0028_00016.jpg,C:\dataset\drone\train\labels\DJI_0028_00016.txt,3
2635,C:\dataset\drone\train\images\DJI_0028_00016.jpg,C:\dataset\drone\train\labels\DJI_0028_00016.txt,3
2636,C:\dataset\drone\train\images\DJI_0028_00016.jpg,C:\dataset\drone\train\labels\DJI_0028_00016.txt,3
2638,C:\dataset\drone\train\images\DJI_0028_00017.jpg,C:\dataset\drone\train\labels\DJI_0028_00017.txt,3
2643,C:\dataset\drone\train\images\DJI_0028_00017.jpg,C:\dataset\drone\train\labels\DJI_0028_00017.txt,3
2644,C:\dataset\drone\train\images\DJI_0028_00017.jpg,C:\dataset\drone\train\labels\DJI_0028_00017.txt,3
2650,C:\dataset\drone\train\images\DJI_0028_00017.jpg,C:\dataset\drone\train\labels\DJI_0028_00017.txt,3
2652,C:\dataset\drone\train\images\DJI_0028_00020.jpg,C:\dataset\drone\train\labels\DJI_0028_00020.txt,3
2653,C:\dataset\drone\train\images\DJI_0028_00020.jpg,C:\dataset\drone\train\labels\DJI_0028_00020.txt,3
2657,C:\dataset\drone\train\images\DJI_0028_00020.jpg,C:\dataset\drone\train\labels\DJI_0028_00020.txt,3
2658,C:\dataset\drone\train\images\DJI_0028_00020.jpg,C:\dataset\drone\train\labels\DJI_0028_00020.txt,3
2670,C:\dataset\drone\train\images\DJI_0028_00021.jpg,C:\dataset\drone\train\labels\DJI_0028_00021.txt,3
2671,C:\dataset\drone\train\images\DJI_0028_00021.jpg,C:\dataset\drone\train\labels\DJI_0028_00021.txt,3
2673,C:\dataset\drone\train\images\DJI_0028_00021.jpg,C:\dataset\drone\train\labels\DJI_0028_00021.txt,3
2680,C:\dataset\drone\train\images\DJI_0028_00022.jpg,C:\dataset\drone\train\labels\DJI_0028_00022.txt,3
2681,C:\dataset\drone\train\images\DJI_0028_00022.jpg,C:\dataset\drone\train\labels\DJI_0028_00022.txt,3
2682,C:\dataset\drone\train\images\DJI_0028_00022.jpg,C:\dataset\drone\train\labels\DJI_0028_00022.txt,3
2683,C:\dataset\drone\train\images\DJI_0028_00022.jpg,C:\dataset\drone\train\labels\DJI_0028_00022.txt,3
2688,C:\dataset\drone\train\images\DJI_0028_00023.jpg,C:\dataset\drone\train\labels\DJI_0028_00023.txt,3
2689,C:\dataset\drone\train\images\DJI_0028_00023.jpg,C:\dataset\drone\train\labels\DJI_0028_00023.txt,3
2690,C:\dataset\drone\train\images\DJI_0028_00023.jpg,C:\dataset\drone\train\labels\DJI_0028_00023.txt,3
2694,C:\dataset\drone\train\images\DJI_0028_00024.jpg,C:\dataset\drone\train\labels\DJI_0028_00024.txt,3
2695,C:\dataset\drone\train\images\DJI_0028_00024.jpg,C:\dataset\drone\train\labels\DJI_0028_00024.txt,3
2696,C:\dataset\drone\train\images\DJI_0028_00025.jpg,C:\dataset\drone\train\labels\DJI_0028_00025.txt,3
2700,C:\dataset\drone\train\images\DJI_0028_00025.jpg,C:\dataset\drone\train\labels\DJI_0028_00025.txt,3
2701,C:\dataset\drone\train\images\DJI_0028_00026.jpg,C:\dataset\drone\train\labels\DJI_0028_00026.txt,3
2704,C:\dataset\drone\train\images\DJI_0028_00026.jpg,C:\dataset\drone\train\labels\DJI_0028_00026.txt,3
2706,C:\dataset\drone\train\images\DJI_0028_00027.jpg,C:\dataset\drone\train\labels\DJI_0028_00027.txt,3
2707,C:\dataset\drone\train\images\DJI_0028_00027.jpg,C:\dataset\drone\train\labels\DJI_0028_00027.txt,3
2709,C:\dataset\drone\train\images\DJI_0028_00030.jpg,C:\dataset\drone\train\labels\DJI_0028_00030.txt,3
2712,C:\dataset\drone\train\images\DJI_0028_00030.jpg,C:\dataset\drone\train\labels\DJI_0028_00030.txt,3
2713,C:\dataset\drone\train\images\DJI_0028_00031.jpg,C:\dataset\drone\train\labels\DJI_0028_00031.txt,3
2716,C:\dataset\drone\train\images\DJI_0028_00031.jpg,C:\dataset\drone\train\labels\DJI_0028_00031.txt,3
2719,C:\dataset\drone\train\images\DJI_0028_00032.jpg,C:\dataset\drone\train\labels\DJI_0028_00032.txt,3
2720,C:\dataset\drone\train\images\DJI_0028_00032.jpg,C:\dataset\drone\train\labels\DJI_0028_00032.txt,3
2722,C:\dataset\drone\train\images\DJI_0028_00033.jpg,C:\dataset\drone\train\labels\DJI_0028_00033.txt,3
2723,C:\dataset\drone\train\images\DJI_0028_00033.jpg,C:\dataset\drone\train\labels\DJI_0028_00033.txt,3
2726,C:\dataset\drone\train\images\DJI_0028_00034.jpg,C:\dataset\drone\train\labels\DJI_0028_00034.txt,3
2727,C:\dataset\drone\train\images\DJI_0028_00034.jpg,C:\dataset\drone\train\labels\DJI_0028_00034.txt,3
2730,C:\dataset\drone\train\images\DJI_0029_00001.jpg,C:\dataset\drone\train\labels\DJI_0029_00001.txt,3
2731,C:\dataset\drone\train\images\DJI_0029_00001.jpg,C:\dataset\drone\train\labels\DJI_0029_00001.txt,3
2734,C:\dataset\drone\train\images\DJI_0029_00002.jpg,C:\dataset\drone\train\labels\DJI_0029_00002.txt,3
2735,C:\dataset\drone\train\images\DJI_0029_00002.jpg,C:\dataset\drone\train\labels\DJI_0029_00002.txt,3
2738,C:\dataset\drone\train\images\DJI_0029_00003.jpg,C:\dataset\drone\train\labels\DJI_0029_00003.txt,3
2739,C:\dataset\drone\train\images\DJI_0029_00003.jpg,C:\dataset\drone\train\labels\DJI_0029_00003.txt,3
2763,C:\dataset\drone\train\images\dji_fly_20220911_102947_0_1662859787458_photo_low_quality.jpg,C:\dataset\drone\train\labels\dji_fly_20220911_102947_0_1662859787458_photo_low_quality.txt,3
2782,C:\dataset\drone\train\images\dji_fly_20220911_103024_0_1662859824196_photo_low_quality.jpg,C:\dataset\drone\train\labels\dji_fly_20220911_103024_0_1662859824196_photo_low_quality.txt,3
2784,C:\dataset\drone\train\images\dji_fly_20220911_103025_0_1662859825836_photo_low_quality.jpg,C:\dataset\drone\train\labels\dji_fly_20220911_103025_0_1662859825836_photo_low_quality.txt,3
2793,C:\dataset\drone\train\images\dji_fly_20220911_103206_0_1662859926942_photo_low_quality.jpg,C:\dataset\drone\train\labels\dji_fly_20220911_103206_0_1662859926942_photo_low_quality.txt,3
2813,C:\dataset\drone\train\images\dji_fly_20220911_103459_0_1662860099989_photo_low_quality.jpg,C:\dataset\drone\train\labels\dji_fly_20220911_103459_0_1662860099989_photo_low_quality.txt,3
2844,C:\dataset\drone\train\images\dji_fly_20220911_103835_0_1662860315819_photo_low_quality.jpg,C:\dataset\drone\train\labels\dji_fly_20220911_103835_0_1662860315819_photo_low_quality.txt,3
2846,C:\dataset\drone\train\images\dji_fly_20220911_103846_0_1662860326273_photo_low_quality.jpg,C:\dataset\drone\train\labels\dji_fly_20220911_103846_0_1662860326273_photo_low_quality.txt,3
2848,C:\dataset\drone\train\images\dji_fly_20220911_103852_0_1662860332388_photo_low_quality.jpg,C:\dataset\drone\train\labels\dji_fly_20220911_103852_0_1662860332388_photo_low_quality.txt,3
2849,C:\dataset\drone\train\images\drone_220727001_00070.jpg,C:\dataset\drone\train\labels\drone_220727001_00070.txt,3
2870,C:\dataset\drone\train\images\drone_220727001_00313.jpg,C:\dataset\drone\train\labels\drone_220727001_00313.txt,3
2874,C:\dataset\drone\train\images\drone_220727002_00046.jpg,C:\dataset\drone\train\labels\drone_220727002_00046.txt,3
2876,C:\dataset\drone\train\images\drone_220727002_00047.jpg,C:\dataset\drone\train\labels\drone_220727002_00047.txt,3
2877,C:\dataset\drone\train\images\drone_220727002_00048.jpg,C:\dataset\drone\train\labels\drone_220727002_00048.txt,3
2881,C:\dataset\drone\train\images\drone_220727002_00049.jpg,C:\dataset\drone\train\labels\drone_220727002_00049.txt,3
2882,C:\dataset\drone\train\images\drone_220727002_00052.jpg,C:\dataset\drone\train\labels\drone_220727002_00052.txt,3
2885,C:\dataset\drone\train\images\drone_220727002_00053.jpg,C:\dataset\drone\train\labels\drone_220727002_00053.txt,3
2887,C:\dataset\drone\train\images\drone_220727002_00088.jpg,C:\dataset\drone\train\labels\drone_220727002_00088.txt,3
2889,C:\dataset\drone\train\images\drone_220727002_00144.jpg,C:\dataset\drone\train\labels\drone_220727002_00144.txt,3
2890,C:\dataset\drone\train\images\drone_220727002_00148.jpg,C:\dataset\drone\train\labels\drone_220727002_00148.txt,3
2893,C:\dataset\drone\train\images\drone_220727002_00151.jpg,C:\dataset\drone\train\labels\drone_220727002_00151.txt,3
2895,C:\dataset\drone\train\images\drone_220727002_00155.jpg,C:\dataset\drone\train\labels\drone_220727002_00155.txt,3
2896,C:\dataset\drone\train\images\drone_220727002_00264.jpg,C:\dataset\drone\train\labels\drone_220727002_00264.txt,3
2898,C:\dataset\drone\train\images\drone_220727002_00265.jpg,C:\dataset\drone\train\labels\drone_220727002_00265.txt,3
2902,C:\dataset\drone\train\images\drone_220727003_00059.jpg,C:\dataset\drone\train\labels\drone_220727003_00059.txt,3
2903,C:\dataset\drone\train\images\drone_220727003_00060.jpg,C:\dataset\drone\train\labels\drone_220727003_00060.txt,3
2905,C:\dataset\drone\train\images\drone_220727003_00074.jpg,C:\dataset\drone\train\labels\drone_220727003_00074.txt,3
2909,C:\dataset\drone\train\images\drone_220727003_00074.jpg,C:\dataset\drone\train\labels\drone_220727003_00074.txt,3
2910,C:\dataset\drone\train\images\drone_220727003_00074.jpg,C:\dataset\drone\train\labels\drone_220727003_00074.txt,3
2912,C:\dataset\drone\train\images\drone_220727003_00081.jpg,C:\dataset\drone\train\labels\drone_220727003_00081.txt,3
2913,C:\dataset\drone\train\images\drone_220727003_00083.jpg,C:\dataset\drone\train\labels\drone_220727003_00083.txt,3
2916,C:\dataset\drone\train\images\drone_220727003_00083.jpg,C:\dataset\drone\train\labels\drone_220727003_00083.txt,3
2918,C:\dataset\drone\train\images\drone_220727003_00086.jpg,C:\dataset\drone\train\labels\drone_220727003_00086.txt,3
2919,C:\dataset\drone\train\images\drone_220727003_00086.jpg,C:\dataset\drone\train\labels\drone_220727003_00086.txt,3
2924,C:\dataset\drone\train\images\drone_220727003_00087.jpg,C:\dataset\drone\train\labels\drone_220727003_00087.txt,3
2925,C:\dataset\drone\train\images\drone_220727003_00087.jpg,C:\dataset\drone\train\labels\drone_220727003_00087.txt,3
2926,C:\dataset\drone\train\images\drone_220727003_00087.jpg,C:\dataset\drone\train\labels\drone_220727003_00087.txt,3
2927,C:\dataset\drone\train\images\drone_220727003_00092.jpg,C:\dataset\drone\train\labels\drone_220727003_00092.txt,3
2931,C:\dataset\drone\train\images\drone_220727003_00092.jpg,C:\dataset\drone\train\labels\drone_220727003_00092.txt,3
2932,C:\dataset\drone\train\images\drone_220727003_00092.jpg,C:\dataset\drone\train\labels\drone_220727003_00092.txt,3
2933,C:\dataset\drone\train\images\drone_220727003_00124.jpg,C:\dataset\drone\train\labels\drone_220727003_00124.txt,3
2941,C:\dataset\drone\train\images\drone_220727004_00008.jpg,C:\dataset\drone\train\labels\drone_220727004_00008.txt,3
2943,C:\dataset\drone\train\images\drone_220727004_00010.jpg,C:\dataset\drone\train\labels\drone_220727004_00010.txt,3
2945,C:\dataset\drone\train\images\drone_220727004_00011.jpg,C:\dataset\drone\train\labels\drone_220727004_00011.txt,3
2946,C:\dataset\drone\train\images\drone_220727004_00019.jpg,C:\dataset\drone\train\labels\drone_220727004_00019.txt,3
2949,C:\dataset\drone\train\images\drone_220727004_00029.jpg,C:\dataset\drone\train\labels\drone_220727004_00029.txt,3
2951,C:\dataset\drone\train\images\drone_220727004_00032.jpg,C:\dataset\drone\train\labels\drone_220727004_00032.txt,3
2953,C:\dataset\drone\train\images\drone_220727004_00088.jpg,C:\dataset\drone\train\labels\drone_220727004_00088.txt,3
2955,C:\dataset\drone\train\images\drone_220727004_00089.jpg,C:\dataset\drone\train\labels\drone_220727004_00089.txt,3
2957,C:\dataset\drone\train\images\drone_220727004_00090.jpg,C:\dataset\drone\train\labels\drone_220727004_00090.txt,3
2958,C:\dataset\drone\train\images\drone_220727004_00093.jpg,C:\dataset\drone\train\labels\drone_220727004_00093.txt,3
2961,C:\dataset\drone\train\images\drone_220727004_00093.jpg,C:\dataset\drone\train\labels\drone_220727004_00093.txt,3
2967,C:\dataset\drone\train\images\drone_220804001_00025.jpg,C:\dataset\drone\train\labels\drone_220804001_00025.txt,3
2968,C:\dataset\drone\train\images\drone_220804001_00025.jpg,C:\dataset\drone\train\labels\drone_220804001_00025.txt,3
2969,C:\dataset\drone\train\images\drone_220804001_00045.jpg,C:\dataset\drone\train\labels\drone_220804001_00045.txt,3
2972,C:\dataset\drone\train\images\drone_220804001_00045.jpg,C:\dataset\drone\train\labels\drone_220804001_00045.txt,3
2976,C:\dataset\drone\train\images\drone_220804001_00051.jpg,C:\dataset\drone\train\labels\drone_220804001_00051.txt,3
2977,C:\dataset\drone\train\images\drone_220804001_00051.jpg,C:\dataset\drone\train\labels\drone_220804001_00051.txt,3
2978,C:\dataset\drone\train\images\drone_220804001_00051.jpg,C:\dataset\drone\train\labels\drone_220804001_00051.txt,3
2979,C:\dataset\drone\train\images\drone_220804001_00060.jpg,C:\dataset\drone\train\labels\drone_220804001_00060.txt,3
2985,C:\dataset\drone\train\images\drone_220804002_00006.jpg,C:\dataset\drone\train\labels\drone_220804002_00006.txt,3
2988,C:\dataset\drone\train\images\drone_220804002_00007.jpg,C:\dataset\drone\train\labels\drone_220804002_00007.txt,3
2995,C:\dataset\drone\train\images\drone_220804002_00008.jpg,C:\dataset\drone\train\labels\drone_220804002_00008.txt,3
3000,C:\dataset\drone\train\images\drone_220804002_00009.jpg,C:\dataset\drone\train\labels\drone_220804002_00009.txt,3
3027,C:\dataset\drone\train\images\Kang-20210106-Sun-90-30m-15h03m_0000576.jpg,C:\dataset\drone\train\labels\Kang-20210106-Sun-90-30m-15h03m_0000576.txt,3
3031,C:\dataset\drone\train\images\Kang-20210106-Sun-90-30m-15h03m_0003240.jpg,C:\dataset\drone\train\labels\Kang-20210106-Sun-90-30m-15h03m_0003240.txt,3
3034,C:\dataset\drone\train\images\Kang-20210106-Sun-90-30m-15h03m_0004296.jpg,C:\dataset\drone\train\labels\Kang-20210106-Sun-90-30m-15h03m_0004296.txt,3
3048,C:\dataset\drone\train\images\Kang-20210106-Sun-90-30m-15h32m_0004752.jpg,C:\dataset\drone\train\labels\Kang-20210106-Sun-90-30m-15h32m_0004752.txt,3
3051,C:\dataset\drone\train\images\Kang-20210106-Sun-90-30m-15h32m_0004800.jpg,C:\dataset\drone\train\labels\Kang-20210106-Sun-90-30m-15h32m_0004800.txt,3
3056,C:\dataset\drone\train\images\Kang-20210108-Sun-90-20m-15h38m_0000456.jpg,C:\dataset\drone\train\labels\Kang-20210108-Sun-90-20m-15h38m_0000456.txt,3
3063,C:\dataset\drone\train\images\Kang-20210108-Sun-90-20m-15h38m_0002160.jpg,C:\dataset\drone\train\labels\Kang-20210108-Sun-90-20m-15h38m_0002160.txt,3
3069,C:\dataset\drone\train\images\Kang-20210110-Sun-90-30m-10h26m_0001056.jpg,C:\dataset\drone\train\labels\Kang-20210110-Sun-90-30m-10h26m_0001056.txt,3
3072,C:\dataset\drone\train\images\Kang-20210110-Sun-90-30m-10h26m_0001680.jpg,C:\dataset\drone\train\labels\Kang-20210110-Sun-90-30m-10h26m_0001680.txt,3
3073,C:\dataset\drone\train\images\Kang-20210110-Sun-90-30m-10h26m_0002880.jpg,C:\dataset\drone\train\labels\Kang-20210110-Sun-90-30m-10h26m_0002880.txt,3
3074,C:\dataset\drone\train\images\Kang-20210110-Sun-90-30m-10h26m_0002880.jpg,C:\dataset\drone\train\labels\Kang-20210110-Sun-90-30m-10h26m_0002880.txt,3
3081,C:\dataset\drone\train\images\Kang-20210111-Cloud-90-30m-11h32m_0000504.jpg,C:\dataset\drone\train\labels\Kang-20210111-Cloud-90-30m-11h32m_0000504.txt,3
3082,C:\dataset\drone\train\images\Kang-20210111-Cloud-90-30m-11h32m_0000504.jpg,C:\dataset\drone\train\labels\Kang-20210111-Cloud-90-30m-11h32m_0000504.txt,3
3086,C:\dataset\drone\train\images\Kang-20210111-Cloud-90-30m-11h32m_0001128.jpg,C:\dataset\drone\train\labels\Kang-20210111-Cloud-90-30m-11h32m_0001128.txt,3
3087,C:\dataset\drone\train\images\Kang-20210111-Cloud-90-30m-12h55m_0000336.jpg,C:\dataset\drone\train\labels\Kang-20210111-Cloud-90-30m-12h55m_0000336.txt,3
3088,C:\dataset\drone\train\images\Kang-20210111-Cloud-90-30m-12h55m_0000336.jpg,C:\dataset\drone\train\labels\Kang-20210111-Cloud-90-30m-12h55m_0000336.txt,3
3098,C:\dataset\drone\train\images\Kang-20210111-Cloud-90-30m-13h18m_0003792.jpg,C:\dataset\drone\train\labels\Kang-20210111-Cloud-90-30m-13h18m_0003792.txt,3
3101,C:\dataset\drone\train\images\Kang-20210111-Cloud-90-30m-13h18m_0003960.jpg,C:\dataset\drone\train\labels\Kang-20210111-Cloud-90-30m-13h18m_0003960.txt,3
3105,C:\dataset\drone\train\images\Kang-20210112-Cloud-90-30m-09h37m_0003072.jpg,C:\dataset\drone\train\labels\Kang-20210112-Cloud-90-30m-09h37m_0003072.txt,3
3109,C:\dataset\drone\train\images\Kang-20210112-Cloud-90-30m-09h37m_0005016.jpg,C:\dataset\drone\train\labels\Kang-20210112-Cloud-90-30m-09h37m_0005016.txt,3
3200,C:\dataset\drone\train\images\Kim-20210106-Sun-90-30m-09h39m_0003336.jpg,C:\dataset\drone\train\labels\Kim-20210106-Sun-90-30m-09h39m_0003336.txt,3
3206,C:\dataset\drone\train\images\Kim-20210106-Sun-90-30m-10h02m_0001056.jpg,C:\dataset\drone\train\labels\Kim-20210106-Sun-90-30m-10h02m_0001056.txt,3
3207,C:\dataset\drone\train\images\Kim-20210106-Sun-90-30m-10h02m_0001056.jpg,C:\dataset\drone\train\labels\Kim-20210106-Sun-90-30m-10h02m_0001056.txt,3
3210,C:\dataset\drone\train\images\Kim-20210106-Sun-90-30m-10h02m_0004344.jpg,C:\dataset\drone\train\labels\Kim-20210106-Sun-90-30m-10h02m_0004344.txt,3
3223,C:\dataset\drone\train\images\Lee-20201223-Cloud-45-80m-09h56m_0001872.jpg,C:\dataset\drone\train\labels\Lee-20201223-Cloud-45-80m-09h56m_0001872.txt,3
3228,C:\dataset\drone\train\images\Lee-20201223-Sun-45-40m-11h29m_0001704.jpg,C:\dataset\drone\train\labels\Lee-20201223-Sun-45-40m-11h29m_0001704.txt,3
3229,C:\dataset\drone\train\images\Lee-20201223-Sun-45-40m-11h29m_0001704.jpg,C:\dataset\drone\train\labels\Lee-20201223-Sun-45-40m-11h29m_0001704.txt,3
3236,C:\dataset\drone\train\images\Lee-20201223-Sun-45-40m-11h29m_0003552.jpg,C:\dataset\drone\train\labels\Lee-20201223-Sun-45-40m-11h29m_0003552.txt,3
3237,C:\dataset\drone\train\images\Lee-20201223-Sun-45-40m-11h29m_0003552.jpg,C:\dataset\drone\train\labels\Lee-20201223-Sun-45-40m-11h29m_0003552.txt,3
3241,C:\dataset\drone\train\images\Lee-20201223-Sun-45-50m-12h26m_0000024.jpg,C:\dataset\drone\train\labels\Lee-20201223-Sun-45-50m-12h26m_0000024.txt,3
3242,C:\dataset\drone\train\images\Lee-20201223-Sun-45-50m-12h26m_0000024.jpg,C:\dataset\drone\train\labels\Lee-20201223-Sun-45-50m-12h26m_0000024.txt,3
3268,C:\dataset\drone\train\images\Park-20210102-Sun-45-40m-09h56m_0003648.jpg,C:\dataset\drone\train\labels\Park-20210102-Sun-45-40m-09h56m_0003648.txt,3
3271,C:\dataset\drone\train\images\Park-20210102-Sun-45-40m-09h56m_0003648.jpg,C:\dataset\drone\train\labels\Park-20210102-Sun-45-40m-09h56m_0003648.txt,3
3275,C:\dataset\drone\train\images\Park-20210102-Sun-60-40m-13h36m_0001320.jpg,C:\dataset\drone\train\labels\Park-20210102-Sun-60-40m-13h36m_0001320.txt,3
3276,C:\dataset\drone\train\images\Park-20210102-Sun-60-40m-13h36m_0001320.jpg,C:\dataset\drone\train\labels\Park-20210102-Sun-60-40m-13h36m_0001320.txt,3
3277,C:\dataset\drone\train\images\Park-20210102-Sun-90-70m-10h29m_0002712.jpg,C:\dataset\drone\train\labels\Park-20210102-Sun-90-70m-10h29m_0002712.txt,3
3280,C:\dataset\drone\train\images\Park-20210102-Sun-90-70m-10h29m_0002712.jpg,C:\dataset\drone\train\labels\Park-20210102-Sun-90-70m-10h29m_0002712.txt,3
3285,C:\dataset\drone\train\images\Park-20210111-Cloud-90-30m-09h58m_0000744.jpg,C:\dataset\drone\train\labels\Park-20210111-Cloud-90-30m-09h58m_0000744.txt,3
3290,C:\dataset\drone\train\images\Park-20210111-Cloud-90-30m-09h58m_0002280.jpg,C:\dataset\drone\train\labels\Park-20210111-Cloud-90-30m-09h58m_0002280.txt,3
3379,C:\dataset\drone\train\images\pexels-jozef-papp-6375508_00001.jpg,C:\dataset\drone\train\labels\pexels-jozef-papp-6375508_00001.txt,3
3383,C:\dataset\drone\train\images\pexels-jozef-papp-6375508_00001.jpg,C:\dataset\drone\train\labels\pexels-jozef-papp-6375508_00001.txt,3
3384,C:\dataset\drone\train\images\pexels-jozef-papp-6375508_00001.jpg,C:\dataset\drone\train\labels\pexels-jozef-papp-6375508_00001.txt,3
3385,C:\dataset\drone\train\images\pexels-jozef-papp-6375508_00002.jpg,C:\dataset\drone\train\labels\pexels-jozef-papp-6375508_00002.txt,3
3387,C:\dataset\drone\train\images\pexels-jozef-papp-6375508_00002.jpg,C:\dataset\drone\train\labels\pexels-jozef-papp-6375508_00002.txt,3
3388,C:\dataset\drone\train\images\pexels-jozef-papp-6375508_00002.jpg,C:\dataset\drone\train\labels\pexels-jozef-papp-6375508_00002.txt,3
3391,C:\dataset\drone\train\images\pexels-jozef-papp-6375508_00003.jpg,C:\dataset\drone\train\labels\pexels-jozef-papp-6375508_00003.txt,3
3394,C:\dataset\drone\train\images\pexels-jozef-papp-6375508_00003.jpg,C:\dataset\drone\train\labels\pexels-jozef-papp-6375508_00003.txt,3
3397,C:\dataset\drone\train\images\pexels-jozef-papp-6375508_00004.jpg,C:\dataset\drone\train\labels\pexels-jozef-papp-6375508_00004.txt,3
3399,C:\dataset\drone\train\images\pexels-jozef-papp-6375508_00005.jpg,C:\dataset\drone\train\labels\pexels-jozef-papp-6375508_00005.txt,3
3400,C:\dataset\drone\train\images\pexels-jozef-papp-6375508_00006.jpg,C:\dataset\drone\train\labels\pexels-jozef-papp-6375508_00006.txt,3
3402,C:\dataset\drone\train\images\pexels-jozef-papp-6375508_00007.jpg,C:\dataset\drone\train\labels\pexels-jozef-papp-6375508_00007.txt,3
3404,C:\dataset\drone\train\images\pexels-jozef-papp-6375508_00008.jpg,C:\dataset\drone\train\labels\pexels-jozef-papp-6375508_00008.txt,3
3509,C:\dataset\drone\train\images\v1_00001.jpg,C:\dataset\drone\train\labels\v1_00001.txt,3
3510,C:\dataset\drone\train\images\v1_00002.jpg,C:\dataset\drone\train\labels\v1_00002.txt,3
3654,C:\dataset\drone\train\images\video6_00001.jpg,C:\dataset\drone\train\labels\video6_00001.txt,3
3656,C:\dataset\drone\train\images\video6_00002.jpg,C:\dataset\drone\train\labels\video6_00002.txt,3
3658,C:\dataset\drone\train\images\video6_00003.jpg,C:\dataset\drone\train\labels\video6_00003.txt,3
